0AK,Pilot Station Airport,Pilot Station,AK,United States
16A,Nunapitchuk Airport,Nunapitchuk,AK,United States
1G4,Grand Canyon West Airport,Peach Springs,AZ,United States
2A3,Larsen Bay Airport,Larsen Bay,AK,United States
2A9,Kotlik Airport,Kotlik,AK,United States
3A5,Marshall Don Hunter Sr,Marshall,AK,United States
3T7,Middle Bass Island Airport,Middle Bass,OH,United States
3W2,Put - in - Bay Airport,Put - in - Bay,OH,United States
6R7,Old Harbor Airport,Old Harbor,AK,United States
74S,Anacortes Airport,Anacortes,WA,United States
A61,Tuntutuliak Airport,Tuntutuliak,AK,United States
A85,Kwigillingok Airport,Kwigillingok,AK,United States
,,,,United States
ABE,Lehigh Valley International Airport,Allentown,PA,United States
ABI,Abilene Regional Airport,Abilene,TX,United States
ABQ,Albuquerque International Sunport,Albuquerque,NM,United States
ABR,Aberdeen Regional Airport,Aberdeen,SD,United States
ABY,Southwest Georgia Regional Airport,Albany,GA,United States
ACB,Bellaire/Antrim County Airport,Bellaire,MI,United States
ACK,Nantucket Memorial Airport,Nantucket,MA,United States
ACT,Waco Regional Airport,Waco,TX,United States
ACV,Arcata Airport,Arcata/Eureka,CA,United States
ACY,Atlantic City International Airport,Egg Harbor Township,NJ,United States
ADK,Adak Airport,Adak Island,AK,United States
ADQ,Kodiak Airport,Kodiak,AK,United States
AEX,Alexandria International Airport,Alexandria,LA,United States
AFM,Ambler Airport,Ambler,AK,United States
AGC,Allegheny County Airport,Pittsburgh,PA,United States
AGN,Angoon Seaplane Base,Angoon,AK,United States
AGS,Augusta Regional Airport,Augusta,GA,United States
AHN,Athens/Ben Epps Airport,Athens,GA,United States
AIA,Alliance Municipal Airport,Alliance,NE,United States
AID,Anderson Municipal Airport,Anderson,IN,United States
AIY,Atlantic City Municipal Airport/Bader Field,Atlantic City,NJ,United States
AIZ,Lee C Fine Memorial Airport,Kaiser Lake Ozark,MO,United States
AKN,King Salmon Airport,King Salmon,AK,United States
AKP,Anaktuvuk Pass Airport,Anaktuvuk Pass,AK,United States
AKW,Klawock Airport,Klawock,AK,United States
ALB,Albany International Airport,Albany,NY,United States
ALM,Alamogordo-White Sands Regional Airport,Alamogordo,NM,United States
ALN,St Louis Regional Airport,Alton/St Louis,IL,United States
ALO,Waterloo Regional Airport,Waterloo,IA,United States
ALS,San Luis Valley Regional Airport,Alamosa,CO,United States
ALW,Walla Walla Regional Airport,Walla Walla,WA,United States
AMA,Amarillo International Airport,Amarillo,TX,United States
ANB,Anniston Municipal Airport,Anniston,AL,United States
ANC,Anchorage International Airport,Anchorage,AK,United States
AND,Anderson Regional Airport,Anderson,SC,United States
ANI,Aniak Airport,Aniak,AK,United States
AOO,Altoona-Blair County Airport,Altoona,PA,United States
APF,Naples Municipal Airport,Naples,FL,United States
APN,Alpena County Regional Airport,Alpena,MI,United States
AQH,Quinhagak Airport,Quinhagak,AK,United States
AQT,Nuiqsut Airport,Nuiqsut,AK,United States
ART,Watertown International Airport,Watertown,NY,United States
ASE,Aspen-Pitkin County Airport,Aspen,CO,United States
ASN,Talladega Municipal Airport,Talladega,AL,United States
AST,Astoria Regional Airport,Astoria,OR,United States
ATK,Atqasuk Edward Burnell Sr Memorial Airport,Atqasuk,AK,United States
ATL,Atlanta International Airport,Atlanta,GA,United States
ATW,Outagamie County Regional Airport,Appleton,WI,United States
ATY,Watertown Municipal Airport,Watertown,SD,United States
AUG,Augusta State Airport,Augusta,ME,United States
AUK,Alakanuk Airport,Alakanuk,AK,United States
AUS,Austin-Bergstrom International Airport,Austin,TX,United States
AVL,Asheville Regional Airport,Asheville,NC,United States
AVP,Wilkes-Barre/Scranton International Airport,Avoca,PA,United States
AWI,Wainwright Airport,Wainwright,AK,United States
AXN,Chandler Field Airport,Alexandria,MN,United States
AZO,Kalamazoo/Battle Creek International Airport,Kalamazoo,MI,United States
BAF,Barnes Municipal Airport,Westfield/Springfield,MA,United States
BAK,Columbus Municipal Airport,Columbus,IN,United States
BCE,Bryce Canyon Airport,Bryce Canyon,UT,United States
BDE,Baudette International Airport,Baudette,MN,United States
BDL,Bradley International Airport,Windsor Locks,CT,United States
BDR,Igor I Sikorsky Memorial Airport,Bridgeport,CT,United States
BED,Bedford Hanscom Field,Bedford,MA,United States
BEH,Southwest Michigan Regional Airport,Benton Harbor,MI,United States
BET,Bethel Airport,Bethel,AK,United States
BFD,Bradford Regional Airport,Bradford,PA,United States
BFF,Western Nebraska Regional Airport,Scottsbluff,NE,United States
BFI,Boeing Field/King County International Airport,Seattle,WA,United States
BFL,Meadows Field Airport,Bakersfield,CA,United States
BGM,Greater Binghamton Airport,Binghamton,NY,United States
BGR,Bangor International Airport,Bangor,ME,United States
BHB,Hancock County-Bar Harbor Airport,Bar Harbor,ME,United States
BHM,Birmingham International Airport,Birmingham,AL,United States
BID,Block Island State Airport,Block Island,RI,United States
BIG,Allen Aaf Airport,Delta Junction Ft Greely,AK,United States
BIL,Billings Logan International Airport,Billings,MT,United States
BIS,Bismarck Municipal Airport,Bismarck,ND,United States
BJI,Bemidji Regional Airport,Bemidji,MN,United States
BKL,Burke Lakefront Airport,Cleveland,OH,United States
BKW,Raleigh County Memorial Airport,Beckley,WV,United States
BKX,Brookings Municipal Airport,Brookings,SD,United States
BLI,Bellingham International Airport,Bellingham,WA,United States
BLM,Monmouth Executive Airport,Belmar/Farmingdale,NJ,United States
BLV,Midamerica Airport,Belleville,IL,United States
BMG,Monroe County Airport,Bloomington,IN,United States
BMI,Central Illinois Regional Airport,Bloomington,IL,United States
BNA,Nashville International Airport,Nashville,TN,United States
BOI,Boise Airport,Boise,ID,United States
BOS,Boston Logan International Airport,Boston,MA,United States
BPK,Baxter County Regional Airport,Mountain Home,AR,United States
BPT,Southeast Texas Regional Airport,Beaumont / Port Arthur,TX,United States
BQK,Brunswick Golden Isles Airport,Brunswick,GA,United States
BQN,Aguadilla Airport,Aguadilla,PR,United States
BRD,Brainerd Lakes Regional Airport,Brainerd,MN,United States
BRL,Southeast Iowa Regional Airport,Burlington,IA,United States
BRO,Brownsville/South Padre Island International Airport,Brownsville,TX,United States
BRW,Wiley Post-Will Rogers Memorial Airport,Barrow,AK,United States
BTI,Barter Island LRRS Airport,Kaktovik,AK,United States
BTL,W K Kellogg Airport,Battle Creek,MI,United States
BTM,Bert Mooney Airport,Butte,MT,United States
BTR,Baton Rouge International Airport,Baton Rouge,LA,United States
BTV,Burlington International Airport,South Burlington,VT,United States
BUF,Buffalo Niagara International Airport,Buffalo,NY,United States
BUR,Burbank Bob Hope Airport,Burbank,CA,United States
BVK,Buckland Airport,Buckland,AK,United States
BWG,Bowling Green-Warren County Regional Airport,Bowling Green,KY,United States
BWI,Baltimore / Washington International Airport,BWI Airport,MD,United States
BZN,Bozeman Gallatin Field Airport,Bozeman,MT,United States
CAE,Columbia Metropolitan Airport,Columbia,SC,United States
CAK,Akron-Canton Airport,North Canton,OH,United States
CCR,Buchanan Field Airport,Concord,CA,United States
CDB,Cold Bay Airport,Cold Bay,AK,United States
CDC,Cedar City Regional Airport,Cedar City,UT,United States
CDV,Cordova Municipal Airport,Cordova,AK,United States
CDW,Essex County Airport,Caldwell,NJ,United States
CEC,Jack Mc Namara Field Airport,Crescent City,CA,United States
CEF,Westover Metropolitan Airport,Springfield/Chicopee,MA,United States
CEZ,Cortez Municipal Airport,Cortez,CO,United States
CFK,Chefornak Airport,Chefornak,AK,United States
CGA,Craig Airport,Craig,AK,United States
CGF,Cuyahoga County Airport,Cleveland,OH,United States
CGI,Cape Girardeau Regional Airport,Cape Girardeau,MO,United States
CGX,Merrill C Meigs Field,Chicago,IL,United States
CHA,Chattanooga Metropolitan Airport,Chattanooga,TN,United States
CHO,Charlottesville-Albemarle Airport,Charlottesville,VA,United States
CHS,Charleston International Airport,Charleston,SC,United States
CIC,Chico Municipal Airport,Chico,CA,United States
CID,Cedar Rapids Eastern Iowa Airport,Cedar Rapids,IA,United States
CIU,Chippewa County International Airport,Sault Ste Marie,MI,United States
CKB,Harrison/Marion Regional Airport,Clarksburg,WV,United States
CLE,Cleveland Hopkins International Airport,Cleveland,OH,United States
CLL,Easterwood Airport,College Station,TX,United States
CLM,William R Fairchild International Airport,Port Angeles,WA,United States
CLT,Charlotte/Douglas International Airport,Charlotte,NC,United States
CMH,Port Columbus International Airport,Columbus,OH,United States
CMI,Champaign Willard Airport,Champaign,IL,United States
CMX,Houghton County Memorial Airport,Hancock,MI,United States
CNM,Cavern City Air Terminal,Carlsbad,NM,United States
CNY,Canyonlands Field,Moab,UT,United States
COD,Yellowstone Regional Airport,Cody,WY,United States
COE,Coeur D'alene Airport,Coeur D'alene,ID,United States
COS,Colorado Springs Airport,Colorado Springs,CO,United States
COU,Columbia Regional Airport,Columbia,MO,United States
CPR,Natrona County International Airport,Casper,WY,United States
CPX,Culebra Airport,Isla De Culebra,PR,United States
CRP,Corpus Christi International Airport,Corpus Christi,TX,United States
CRQ,Mc Clellan-Palomar Airport,Carlsbad,CA,United States
CRW,Charleston Yeager Airport,Charleston,WV,United States
CSG,Columbus Metropolitan Airport,Columbus,GA,United States
CVG,Cincinnati / Northern Kentucky International Airport,Cincinnati,OH,United States
CVO,Corvallis Municipal Airport,Corvallis,OR,United States
CVX,Charlevoix Municipal Airport,Charlevoix,MI,United States
CWA,Central Wisconsin Airport,Mosinee,WI,United States
CWI,Clinton Municipal Airport,Clinton,IA,United States
CYS,Cheyenne Regional Airport,Cheyenne,WY,United States
D76,Robert (Bob) Curtis Memorial Airport,Noorvik,AK,United States
DAB,Daytona Beach International Airport,Daytona Beach,FL,United States
DAL,Dallas Love Field,Dallas,TX,United States
DAN,Danville Regional Airport,Danville,VA,United States
DAY,Dayton International Airport,Dayton,OH,United States
DBQ,Dubuque Regional Airport,Dubuque,IA,United States
DCA,Ronald Reagan Washington National Airport,Washington,DC,United States
DDC,Dodge City Regional Airport,Dodge City,KS,United States
DDH,William H. Morse State Airport,Bennington,VT,United States
DEC,Decatur Airport,Decatur,IL,United States
DEN,Denver International Airport,Denver,CO,United States
DET,Detroit City Airport,Detroit,MI,United States
DFW,Dallas/Fort Worth International Airport,Dallas,TX,United States
DHN,Dothan Regional Airport,Dothan,AL,United States
DIK,Dickinson - Theodore Roosevelt Regional Airport,Dickinson,ND,United States
DLG,Dillingham Airport,Dillingham,AK,United States
DLH,Duluth International Airport,Duluth,MN,United States
DNV,Vermilion County Airport,Danville,IL,United States
DRO,Durango-La Plata County Airport,Durango,CO,United States
DRT,Del Rio International Airport,Del Rio,TX,United States
DSM,Des Moines International Airport,Des Moines,IA,United States
DTW,Detroit Metro Airport,Detroit,MI,United States
DUJ,Du Bois-Jefferson County Airport,Du Bois,PA,United States
DUT,Unalaska Airport,Unalaska,AK,United States
DUY,Kongiganak Airport,Kongiganak,AK,United States
DVL,Devils Lake Municipal Airport,Devils Lake,ND,United States
DVT,Deer Valley Municipal Airport,Phoenix,AZ,United States
DXR,Danbury Municipal Airport,Danbury,CT,United States
EAR,Kearney Municipal Airport,Kearney,NE,United States
EAT,Pangborn Memorial Airport,Wenatchee,WA,United States
EAU,Chippewa Valley Regional Airport,Eau Claire,WI,United States
EEK,Eek Airport,Eek,AK,United States
EEN,Keene/Dillant-Hopkins Airport,Keene,NH,United States
EFD,Ellington Field,Houston,TX,United States
EFK,Newport State Airport,Newport,VT,United States
EGE,Eagle County Regional Airport,Eagle,CO,United States
EKM,Elkhart Municipal Airport,Elkhart,IN,United States
EKO,Elko Regional Airport,Elko,NV,United States
ELI,Elim Airport,Elim,AK,United States
ELM,Elmira / Corning Regional Airport,Elmira / Corning,NY,United States
ELO,Ely Municipal Airport,Ely,MN,United States
ELP,El Paso International Airport,El Paso,TX,United States
ELY,Ely Airport,Ely,NV,United States
ENA,Kenai Municipal Airport,Kenai,AK,United States
ENM,Emmonak Airport,Emmonak,AK,United States
ENW,Kenosha Regional Airport,Kenosha,WI,United States
ERI,Erie International Airport,Erie,PA,United States
ESC,Delta County Airport,Escanaba,MI,United States
ESF,Esler Regional Airport,Alexandria,LA,United States
EUG,Eugene Airport,Eugene,OR,United States
EVV,Evansville Regional Airport,Evansville,IN,United States
EWB,New Bedford Regional Airport,New Bedford,MA,United States
EWN,Craven County Regional Airport,New Bern,NC,United States
EWR,Newark Liberty International Airport,Newark,NJ,United States
EWU,Newtok Airport,Newtok,AK,United States
EYW,Key West International Airport,Key West,FL,United States
FAI,Fairbanks International Airport,Fairbanks,AK,United States
FAQ,Fitiuta Airport,Fitiuta,AS,United States
FAR,Hector International Airport,Fargo,ND,United States
FAT,Fresno Air Terminal,Fresno,CA,United States
FAY,Fayetteville Regional/Grannis Field Airport,Fayetteville,NC,United States
FHR,Friday Harbor Airport,Friday Harbor,WA,United States
FHU,Sierra Vista Municipal Airport,Fort Huachuca / Sierra Vista,AZ,United States
FKL,Venango Regional Airport,Franklin,PA,United States
FLG,Flagstaff Pulliam Airport,Flagstaff,AZ,United States
FLL,Fort Lauderdale Hollywood International Airport,Fort Lauderdale,FL,United States
FLO,Florence Regional Airport,Florence,SC,United States
FMN,Four Corners Regional Airport,Farmington,NM,United States
FNL,Fort Collins-Loveland Municipal Airport,Fort Collins / Loveland,CO,United States
FNT,Bishop International Airport,Flint,MI,United States
FOD,Fort Dodge Regional Airport,Fort Dodge,IA,United States
FOE,Forbes Field Airport,Topeka,KS,United States
FRG,Republic Airport,Farmingdale,NY,United States
FRM,Fairmont Municipal Airport,Fairmont,MN,United States
FSD,Sioux Falls Regional Airport,Sioux Falls,SD,United States
FSM,Fort Smith Airport,Fort Smith,AR,United States
FTW,Fort Worth Meacham International Airport,Fort Worth,TX,United States
FWA,Fort Wayne International Airport,Fort Wayne,IN,United States
FYU,Fort Yukon Airport,Fort Yukon,AK,United States
FYV,Drake Field,Fayetteville,AR,United States
GAL,Edward G. Pitka Sr Airport,Galena,AK,United States
GAM,Gambell Airport,Gambell,AK,United States
GBD,Great Bend Municipal Airport,Great Bend,KS,United States
GBH,Galbraith Lake Airport,Galbraith Lake,AK,United States
GCC,Gillette-Campbell County Airport,Gillette,WY,United States
GCK,Garden City Regional Airport,Garden City,KS,United States
GCN,Grand Canyon National Park Airport,Grand Canyon,AZ,United States
GED,Sussex County Airport,Georgetown,DE,United States
GEG,Spokane International Airport,Spokane,WA,United States
GFK,Grand Forks International Airport,Grand Forks,ND,United States
GFL,Floyd Bennett Memorial Airport,Glens Falls,NY,United States
GGG,East Texas Regional Airport,Longview,TX,United States
GGV,Kwigillingok Airport,Kwigillingok,AK,United States
GGW,Wokal Field/Glasgow International Airport,Glasgow,MT,United States
GJT,Walker Field Airport,Grand Junction,CO,United States
GKN,Gulkana Airport,Gulkana,AK,United States
GLD,Goodland Municipal Airport,Goodland,KS,United States
GLH,Mid Delta Regional Airport,Greenville,MS,United States
GLR,Gaylord Regional Airport,Gaylord,MI,United States
GLS,Galveston/Scholes International Airport,Galveston,TX,United States
GNV,Gainesville Regional Airport,Gainesville,FL,United States
GON,Groton-New London Airport,Groton (New London),CT,United States
GPI,Glacier Park International Airport,Kalispell,MT,United States
GPT,Gulfport-Biloxi International Airport,Gulfport,MS,United States
GPZ,Grand Rapids/Itasca County Airport,Grand Rapids,MN,United States
GRB,Austin Straubel International Airport,Green Bay,WI,United States
GRI,Central Nebraska Regional Airport,Grand Island,NE,United States
GRK,Killeen-Fort Hood Regional Airport,Fort Hood / Killeen,TX,United States
GRO,Rota International Airport,Rota Island,CQ,United States
GRR,Gerald R. Ford International Airport,Grand Rapids,MI,United States
GSN,Saipan International Airport,Saipan Island,CQ,United States
GSO,Piedmont Triad International Airport,Greensboro,NC,United States
GSP,Greenville / Spartanburg Airport,Greenville,SC,United States
GST,Gustavus Airport,Gustavus,AK,United States
GTF,Great Falls International Airport,Great Falls,MT,United States
GTR,Golden Triangle Regional Airport,Columbus,MS,United States
GUC,Gunnison-Crested Butte Regional Airport,Gunnison,CO,United States
GUM,Guam International Airport,Agana,GU,United States
GUP,Gallup Municipal Airport,Gallup,NM,United States
GYH,Donaldson Center Airport,Greenville,SC,United States
GYR,Phoenix Goodyear Airport,Goodyear,AZ,United States
GYY,Gary Regional Airport,Gary,IN,United States
HDN,Yampa Valley Regional Airport,Hayden,CO,United States
HFD,Hartford-Brainard Airport,Hartford,CT,United States
HGR,Hagerstown Regional Airport,Hagerstown,MD,United States
HIB,Chisholm-Hibbing Airport,Hibbing,MN,United States
HII,Lake Havasu City Airport,Lake Havasu City,AZ,United States
HKS,Hawkins Field Airport,Jackson,MS,United States
HKY,Hickory Regional Airport,Hickory,NC,United States
HLA,Huslia Airport,Huslia,AK,United States
HLN,Helena Regional Airport,Helena,MT,United States
HND,Henderson Executive Airport,Las Vegas,NV,United States
HNH,Hoonah Airport,Hoonah,AK,United States
HNL,Honolulu International Airport,Honolulu,HI,United States
HNM,Hana Airport,Hana,HI,United States
HNS,Haines Airport,Haines,AK,United States
HOB,Lea County Regional Airport,Hobbs,NM,United States
HOM,Homer Airport,Homer,AK,United States
HON,Huron Regional Airport,Huron,SD,United States
HOT,Memorial Field Airport,Hot Springs,AR,United States
HOU,Hobby Airport,Houston,TX,United States
HPB,Hooper Bay Airport,Hooper Bay,AK,United States
HPN,Westchester County Airport,White Plains,NY,United States
HRL,Valley International Airport,Harlingen,TX,United States
HRO,Boone County Airport,Harrison,AR,United States
HSL,Huslia Airport,Huslia,AK,United States
HSV,Huntsville International Airport,Huntsville,AL,United States
HTS,Tri-State Airport,Huntington,WV,United States
HUF,Terre Haute International Airport,Terre Haute,IN,United States
HUT,Hutchinson Municipal Airport,Hutchinson,KS,United States
HVN,Tweed New Haven Regional Airport,New Haven,CT,United States
HXD,Hilton Head Airport,Hilton Head Island,SC,United States
HYA,Barnstable Municipal Airport,Hyannis,MA,United States
HYL,Hollis Seaplane Base,Hollis,AK,United States
HYS,Hays Regional Airport,Hays,KS,United States
IAD,Washington Dulles International Airport,Washington,DC,United States
IAH,Bush Intercontinental Airport,Houston,TX,United States
IAN,Bob Baker Memorial Airport,Kiana,AK,United States
ICT,Wichita Mid-Continent Airport,Wichita,KS,United States
IDA,Idaho Falls Regional Airport,Idaho Falls,ID,United States
IFP,Laughlin/Bullhead International Airport,Bullhead City,AZ,United States
IGM,Kingman Airport,Kingman,AZ,United States
IIK,Kipnuk Airport,Kipnuk,AK,United States
ILE,Skylark Field,Killeen,TX,United States
ILG,New Castle Airport,Wilmington,DE,United States
ILI,Iliamna Airport,Iliamna,AK,United States
ILL,Willmar Municipal Airport,Willmar,MN,United States
ILM,Wilmington International Airport,Wilmington,NC,United States
IMT,Iron Mountain Airport,Iron Mountain / Kingsford,MI,United States
IND,Indianapolis International Airport,Indianapolis,IN,United States
INL,Falls International Airport,International Falls,MN,United States
INT,Smith Reynolds Airport,Winston Salem,NC,United States
IPL,Imperial County Airport,Imperial,CA,United States
IPT,Williamsport Regional Airport,Williamsport,PA,United States
IRK,Kirksville Regional Airport,Kirksville,MO,United States
ISN,Sloulin Field International Airport,Williston,ND,United States
ISO,Kinston Regional Jetport,Kinston,NC,United States
ISP,Macarthur Airport,Islip,NY,United States
ITH,Ithaca Tompkins Regional Airport,Ithaca,NY,United States
ITO,Hilo International Airport,Hilo,HI,United States
IWA,Williams Gateway Airport,Mesa,AZ,United States
IWD,Gogebic-Iron County Airport,Ironwood,MI,United States
IXD,Olathe/New Century Aircenter Airport,Olathe,KS,United States
IYK,Inyokern Airport,Inyokern,CA,United States
JAC,Jackson Hole Airport,Jackson,WY,United States
JAN,Jackson-Evers International Airport,Jackson,MS,United States
JAX,Jacksonville International Airport,Jacksonville,FL,United States
JBR,Jonesboro Municipal Airport,Jonesboro,AR,United States
JEF,Jefferson City Memorial Airport,Jefferson City,MO,United States
JFK,John F. Kennedy International Airport,New York,NY,United States
JHW,Chautauqua County/Jamestown Airport,Jamestown,NY,United States
JLN,Joplin Regional Airport,Joplin,MO,United States
JMS,Jamestown Regional Airport,Jamestown,ND,United States
JNU,Juneau International Airport,Juneau,AK,United States
JRB,Downtown Manhattan Heliport,New York,NY,United States
JST,Johnstown-Cambria County Airport,Johnstown,PA,United States
JVL,Southern Wisconsin Regional Airport,Janesville,WI,United States
JXN,Jackson County Airport,Jackson,MI,United States
KAE,Kake Airport,Kake,AK,United States
KAL,Kaltag Airport,Kaltag,AK,United States
KDK,Kodiak Municipal Airport,Kodiak,AK,United States
KEB,English Bay Airport,English Bay,AK,United States
KKA,Koyuk Airport,Koyuk,AK,United States
KLG,Kalskag Airport,Kalskag,AK,United States
KOA,Kona International Airport,Keahole,HI,United States
KSM,St Mary's Airport,St Mary's,AK,United States
KTB,Thorne Bay Airport,Thorne Bay,AK,United States
KTN,Ketchikan International Airport,Ketchikan,AK,United States
KVC,King Cove Airport,King Cove,AK,United States
KVL,Kivalina Airport,Kivalina,AK,United States
KWT,Kwethluk Airport,Kwethluk,AK,United States
LAA,Lamar Municipal Airport,Lamar,CO,United States
LAF,Purdue University Airport,Lafayette,IN,United States
LAL,Lakeland Linder Regional Airport,Lakeland,FL,United States
LAN,Lansing Capital City Airport,Lansing,MI,United States
LAR,Laramie Regional Airport,Laramie,WY,United States
LAS,Mccarran International Airport,Las Vegas,NV,United States
LAW,Lawton-Fort Sill Regional Airport,Lawton,OK,United States
LAX,Los Angeles International Airport,Los Angeles,CA,United States
LBB,Lubbock International Airport,Lubbock,TX,United States
LBE,Arnold Palmer Regional Airport,Latrobe,PA,United States
LBF,North Platte Regional Airport Lee Bird Field,North Platte,NE,United States
LBL,Liberal Municipal Airport,Liberal,KS,United States
LBX,Brazoria County Airport,Angleton/Lake Jackson,TX,United States
LCH,Lake Charles Regional Airport,Lake Charles,LA,United States
LCK,Rickenbacker International Airport,Columbus,OH,United States
LEB,Lebanon Municipal Airport,Lebanon,NH,United States
LEX,Blue Grass Airport,Lexington,KY,United States
LFT,Lafayette Regional Airport,Lafayette,LA,United States
LGA,La Guardia Airport,New York,NY,United States
LGB,Long Beach Airport,Long Beach,CA,United States
LHD,Lake Hood Airport,Anchorage,AK,United States
LIH,Lihue Airport,Lihue,HI,United States
LIT,Little Rock National Airport,Little Rock,AR,United States
LMT,Klamath Falls Airport,Klamath Falls,OR,United States
LNK,Lincoln Airport,Lincoln,NE,United States
LNS,Lancaster Airport,Lancaster,PA,United States
LNY,Lanai Airport,Lanai City,HI,United States
LPR,Lorain County Regional Airport,Lorain/Elyria,OH,United States
LRD,Laredo International Airport,Laredo,TX,United States
LRU,Las Cruces International Airport,Las Cruces,NM,United States
LSE,La Crosse Municipal Airport,La Crosse,WI,United States
LUK,Cincinnati Municipal Airport Lunken Field,Cincinnati,OH,United States
LWB,Greenbrier Valley Airport,Lewisburg,WV,United States
LWS,Lewiston-Nez Perce County Airport,Lewiston,ID,United States
LYH,Lynchburg Regional Airport/Preston Glenn Field,Lynchburg,VA,United States
MAF,Midland International Airport,Midland,TX,United States
MAZ,Mayaquez Airport,Mayaguez,PR,United States
MBA,Manokotak Airport,Manokotak,AK,United States
MBL,Manistee County-Blacker,Manistee,MI,United States
MBS,Saginaw International Airport,Saginaw,MI,United States
MCC,Mc Clellan Airfield,Sacramento,CA,United States
MCE,Merced Municipal Airport,Merced,CA,United States
MCG,McGrath Airport,McGrath,AK,United States
MCI,Kansas City International Airport,Kansas City,MO,United States
MCK,Mc Cook Regional Airport,Mc Cook,NE,United States
MCN,Middle Georgia Regional Airport,Macon,GA,United States
MCO,Orlando International Airport,Orlando,FL,United States
MCW,Mason City Municipal Airport,Mason City,IA,United States
MDH,Southern Illinois Airport,Carbondale / Murphysboro,IL,United States
MDM,Marshall Don Hunter Sr Airport,Marshall,AK,United States
MDT,Harrisburg International Airport,Harrisburg,PA,United States
MDW,Chicago Midway Airport,Chicago,IL,United States
MDY,Henderson Field Airport,Sand Island,MQ,United States
MEI,Key Field Airport,Meridian,MS,United States
MEM,Memphis Airport,Memphis,TN,United States
MFD,Mansfield Lahm Regional Airport,Mansfield,OH,United States
MFE,Mcallen-Miller International Airport,Mcallen,TX,United States
MFR,Medford Rogue Valley International Airport,Medford,OR,United States
MGM,Montgomery Regional Airport,Montgomery,AL,United States
MGW,Morgantown Municipal Airport,Morgantown,WV,United States
MHE,Mitchell Municipal Airport,Mitchell,SD,United States
MHK,Manhattan Regional Airport,Manhattan,KS,United States
MHT,Manchester Airport,Manchester,NH,United States
MIA,Miami International Airport,Miami,FL,United States
MIE,Delaware County Airport,Muncie,IN,United States
MIV,Millville Municipal Airport,Millville,NJ,United States
MJX,Robert J. Miller Air Park,Toms River,NJ,United States
MKC,Charles B. Wheeler Downtown Airport,Kansas City,MO,United States
MKE,General Mitchell International Airport,Milwaukee,WI,United States
MKG,Muskegon County Airport,Muskegon,MI,United States
MKK,Molokai Airport,Kaunakakai,HI,United States
MKL,Mc Kellar-Sipes Regional Airport,Jackson,TN,United States
MKT,Mankato Regional Airport,Mankato,MN,United States
MLB,Melbourne International Airport,Melbourne,FL,United States
MLI,Quad City International Airport,Moline,IL,United States
MLL,Marshall Airport,Marshall,AK,United States
MLU,Monroe Regional Airport,Monroe,LA,United States
MMH,Mammoth Yosemite Airport,Mammoth Lakes,CA,United States
MMU,Morristown Municipal Airport,Morristown,NJ,United States
MMV,Mc Minnville Municipal Airport,Mc Minnville,OR,United States
MNM,Menominee-Marinette Twin County Airport,Menominee,MI,United States
MOB,Mobile Regional Airport,Mobile,AL,United States
MOD,Modesto City-County Airport,Modesto,CA,United States
MOT,Minot International Airport,Minot,ND,United States
MOU,Mountain Village Airport,Mountain Village,AK,United States
MPV,Edward F. Knapp State Airport,Barre/Montpelier,VT,United States
MQI,Dare County Regional Airport,Manteo,NC,United States
MQJ,Mount Comfort Airport,Indianapolis,IN,United States
MQY,Smyrna Airport,Smyrna,TN,United States
MRI,Merrill Field,Anchorage,AK,United States
MRY,Monterey Peninsula Airport,Monterey,CA,United States
MSL,Northwest Alabama Regional Airport,Muscle Shoals,AL,United States
MSN,Dane County Regional Airport,Madison,WI,United States
MSO,Missoula International Airport,Missoula,MT,United States
MSP,Minneapolis/St. Paul International Airport,Minneapolis,MN,United States
MSS,Massena International Airport,Massena,NY,United States
MSV,Sullivan County International Airport,Monticello,NY,United States
MSY,New Orleans International Airport,New Orleans,LA,United States
MTH,Florida Keys Marathon Airport,Marathon,FL,United States
MTJ,Montrose Regional Airport,Montrose,CO,United States
MTM,Metlakatla Airport,Metlakatla,AK,United States
MTO,Coles County Memorial Airport,Mattoon/Charleston,IL,United States
MUE,Waimea - Kohala Airport,Kamuela,HI,United States
MVL,Morrisville-Stowe State Airport,Morrisville,VT,United States
MVN,Mount Vernon Airport,Mount Vernon,IL,United States
MVY,Martha's Vineyard Airport,Vineyard Haven,MA,United States
MWA,Williamson County Regional Airport,Marion,IL,United States
MWH,Grant County International Airport,Moses Lake,WA,United States
MYR,Myrtle Beach Airport,Myrtle Beach,SC,United States
MZJ,Pinal Airpark,Marana,AZ,United States
N93,Golovin Airport,Golovin,AK,United States
NEW,Lakefront Airport,New Orleans,LA,United States
NQA,Millington Regional Jetport,Millington,TN,United States
NUL,Nulato Airport,Nulato,AK,United States
OAJ,Jacksonville/Albert J Ellis Airport,Jacksonville,NC,United States
OAK,Oakland International Airport,Oakland,CA,United States
OCF,Ocala International Airport,Ocala,FL,United States
OFK,Karl Stefan Memorial Airport,Norfolk,NE,United States
OGD,Ogden-Hinckley Airport,Ogden,UT,United States
OGG,Kahului Airport,Kahului,HI,United States
OGS,Ogdensburg International Airport,Ogdensburg,NY,United States
OKC,Will Rogers World Airport,Oklahoma City,OK,United States
OLM,Olympia Airport,Olympia,WA,United States
OMA,Eppley Airfield,Omaha,NE,United States
OME,Nome Airport,Nome,AK,United States
ONP,Newport Municipal Airport,Newport,OR,United States
ONT,Ontario International Airport,Ontario,CA,United States
OOK,Toksook Bay Airport,Toksook Bay,AK,United States
OQU,Quonset State Airport,North Kingstown,RI,United States
ORD,Chicago O'hare International Airport,Chicago,IL,United States
ORF,Norfolk International Airport,Norfolk,VA,United States
ORH,Worcester Regional Airport,Worcester,MA,United States
ORI,Port Lions Airport,Port Lions,AK,United States
ORS,Orcas Island Airport,Eastsound,WA,United States
ORV,Robert (Bob) Curtis Memorial Airport,Noorvik,AK,United States
OSH,Wittman Regional Airport,Oshkosh,WI,United States
OSU,Ohio State University Airport,Columbus,OH,United States
OTG,Worthington Municipal Airport,Worthington,MN,United States
OTH,North Bend Municipal Airport,North Bend,OR,United States
OTM,Ottumwa Industrial Airport,Ottumwa,IA,United States
OTZ,Ralph Wien Memorial Airport,Kotzebue,AK,United States
OWB,Owensboro-Daviess County Airport,Owensboro,KY,United States
OXC,Waterbury-Oxford Airport,Oxford,CT,United States
OXR,Oxnard Airport,Oxnard,CA,United States
PAE,Snohomish County Airport (Paine Field),Everett,WA,United States
PAH,Paducah Barkley Regional Airport,Paducah,KY,United States
PBI,Palm Beach International Airport,West Palm Beach,FL,United States
PCW,Carl R Keller Field,Port Clinton,OH,United States
PDT,Eastern Oregon Regional Airport At Pendleton,Pendleton,OR,United States
PDX,Portland International Airport,Portland,OR,United States
PFN,Panama City-Bay County International Airport,Panama City,FL,United States
PGA,Page Municipal Airport,Page,AZ,United States
PGD,Charlotte County Airport,Punta Gorda,FL,United States
PGM,Port Graham Airport,Port Graham,AK,United States
PGV,Pitt-Greenville Airport,Greenville,NC,United States
PHF,Newport News/Williamsburg International Airport,Newport News,VA,United States
PHL,Philadelphia International Airport,Philadelphia,PA,United States
PHO,Point Hope Airport,Point Hope,AK,United States
PHX,Phoenix Sky Harbor International Airport,Phoenix,AZ,United States
PIA,Peoria Regional Airport,Peoria,IL,United States
PIB,Hattiesburg-Laurel Regional Airport,Hattiesburg / Laurel,MS,United States
PIE,St. Petersburg-Clearwater International Airport,Saint Petersburg,FL,United States
PIH,Pocatello Regional Airport,Pocatello,ID,United States
PIR,Pierre Regional Airport,Pierre,SD,United States
PIT,Pittsburgh International Airport,Pittsburgh,PA,United States
PKB,Mid-Ohio Valley Regional Airport,Parkersburg,WV,United States
PLB,Clinton County Airport,Plattsburgh,NY,United States
PLK,M Graham Clark - Taney County Airport,Point Lookout,MO,United States
PLN,Pellston Regional Airport,Pellston,MI,United States
PMD,Palmdale Regional Airport,Palmdale,CA,United States
PNC,Ponca City Regional Airport,Ponca City,OK,United States
PNS,Pensacola Regional Airport,Pensacola,FL,United States
POU,Dutchess County Airport,Poughkeepsie,NY,United States
PPC,Prospect Creek Airport,Prospect Creek,AK,United States
PPG,Pago Pago International Airport,Pago Pago,AS,United States
PQI,Northern Maine Regional Airport,Presque Isle,ME,United States
PQL,Trent Lott International Airport,Pascagoula,MS,United States
PRB,Paso Robles Municipal Airport,Paso Robles,CA,United States
PRC,Ernest A. Love Field Airport,Prescott,AZ,United States
PSC,Tri-Cities Airport,Pasco,WA,United States
PSE,Mercedita Airport,Ponce,PR,United States
PSG,Petersburg Airport,Petersburg,AK,United States
PSM,Pease International Airport,Portsmouth,NH,United States
PSP,Palm Springs International Airport,Palm Springs,CA,United States
PTH,Port Heiden Airport,Port Heiden,AK,United States
PTK,Oakland County International Airport,Pontiac,MI,United States
PUB,Pueblo Memorial Airport,Pueblo,CO,United States
PUW,Pullman / Moscow Regional Airport,"Pullman / Moscow, ID",WA,United States
PVC,Provincetown Municipal Airport,Provincetown,MA,United States
PVD,T.F. Green Airport,Providence,RI,United States
PVU,Provo Municipal Airport,Provo,UT,United States
PWM,Portland International Jetport,Portland,ME,United States
PWT,Bremerton National Airport,Bremerton,WA,United States
RAP,Rapid City Regional Airport,Rapid City,SD,United States
RDD,Redding Municipal Airport,Redding,CA,United States
RDG,Reading Regional Airport,Reading,PA,United States
RDM,Roberts Field,Redmond,OR,United States
RDU,Raleigh-Durham International Airport,Rdu Airport,NC,United States
RFD,Greater Rockford Airport,Rockford,IL,United States
RHI,Rhinelander-Oneida County Airport,Rhinelander,WI,United States
RIC,Richmond International Airport,Richmond,VA,United States
RIW,Riverton Regional Airport,Riverton,WY,United States
RKD,Knox County Regional Airport,Rockland,ME,United States
RKS,Rock Springs-Sweetwater County Airport,Rock Springs,WY,United States
RME,Griffiss Airpark,Rome,NY,United States
RMG,Richard B Russell Airport,Rome,GA,United States
RNO,Reno-Tahoe International Airport,Reno,NV,United States
ROA,Roanoke Regional Airport,Roanoke,VA,United States
ROC,Greater Rochester International Airport,Rochester,NY,United States
ROW,Roswell Industrial Air Center Airport,Roswell,NM,United States
RSH,Russian Mission Airport,Russian Mission,AK,United States
RST,Rochester International Airport,Rochester,MN,United States
RSW,Southwest Florida International Airport,Fort Myers,FL,United States
RUT,Rutland State Airport,Rutland,VT,United States
RWI,Rocky Mount-Wilson Regional Airport,Rocky Mount,NC,United States
SAF,Santa Fe Municipal Airport,Santa Fe,NM,United States
SAN,San Diego International Airport,San Diego,CA,United States
SAT,San Antonio International Airport,San Antonio,TX,United States
SAV,Savannah/Hilton Head International Airport,Savannah,GA,United States
SAW,Sawyer International Airport,Marquette,MI,United States
SBA,Santa Barbara Airport,Santa Barbara,CA,United States
SBD,San Bernardino International Airport,San Bernardino,CA,United States
SBN,South Bend Regional Airport,South Bend,IN,United States
SBP,San Luis County Regional Airport,San Luis Obispo,CA,United States
SBY,Salisbury-Ocean City Wicomico Regional Airport,Salisbury,MD,United States
SCC,Deadhorse Airport,Deadhorse,AK,United States
SCK,Stockton Metropolitan Airport,Stockton,CA,United States
SCM,Scammon Bay Airport,Scammon Bay,AK,United States
SDF,Louisville International Airport,Louisville,KY,United States
SDP,Sand Point Airport,Sand Point,AK,United States
SDY,Sidney-Richland Municipal Airport,Sidney,MT,United States
SEA,Seattle/Tacoma International Airport,Seattle,WA,United States
SFB,Orlando Sanford International Airport,Sanford,FL,United States
SFO,San Francisco International Airport,San Francisco,CA,United States
SFZ,North Central State Airport,Pawtucket,RI,United States
SGF,Springfield Branson Regional Airport,Springfield,MO,United States
SGH,Springfield-Beckley Municipal Airport,Springfield,OH,United States
SGJ,St Augustine Airport,St Augustine,FL,United States
SGU,St George Municipal Airport,St George,UT,United States
SGY,Skagway Airport,Skagway,AK,United States
SHD,Shenandoah Valley Regional Airport,Harrisonburg,VA,United States
SHG,Shungnak Airport,Shungnak,AK,United States
SHH,Shishmaref Airport,Shishmaref,AK,United States
SHR,Sheridan County Airport,Sheridan,WY,United States
SHV,Shreveport Regional Airport,Shreveport,LA,United States
SIG,Fernando Luis Ribas Dominicci Airport,San Juan,PR,United States
SIT,Sitka Rocky Gutierrez Airport,Sitka,AK,United States
SJC,San Jose International Airport,San Jose,CA,United States
SJT,San Angelo Regional Airport/Mathis Field,San Angelo,TX,United States
SJU,Luis Munoz Marin International Airport,San Juan,PR,United States
SKX,Taos Regional Airport,Taos,NM,United States
SLC,Salt Lake City International Airport,Salt Lake City,UT,United States
SLE,Salem Municipal Airport - McNary Field,Salem,OR,United States
SLK,Adirondack Regional Airport,Saranac Lake,NY,United States
SLN,Salina Municipal Airport,Salina,KS,United States
SMF,Sacramento International Airport,Sacramento,CA,United States
SMX,Santa Maria Public Airport,Santa Maria,CA,United States
SNA,John Wayne Airport,Orange County,CA,United States
SNP,Saint Paul Island Airport,St Paul Island,AK,United States
SOP,Moore County Airport,Pinehurst/Southern Pines,NC,United States
SOV,Seldovia Airport,Seldovia,AK,United States
SOW,Show Low Regional Airport,Show Low,AZ,United States
SPI,Abraham Lincoln Capital Airport,Springfield,IL,United States
SPS,Wichita Falls Municipal Airport,Wichita Falls,TX,United States
SQI,Whiteside County Airport,Sterling/Rockfalls,IL,United States
SRQ,Sarasota-Bradenton International Airport,Sarasota,FL,United States
SRR,Sierra Blanca Regional Airport,Ruidoso,NM,United States
STC,St Cloud Regional Airport,St Cloud,MN,United States
STJ,Rosecrans Memorial Airport,St Joseph,MO,United States
STL,Lambert-St. Louis International Airport,Saint Louis,MO,United States
STP,St Paul Downtown Airport / Holman Field,St Paul,MN,United States
STS,Sonoma County Airport,Santa Rosa,CA,United States
STT,Cyril E King Airport,Charlotte Amalie,VI,United States
STX,Henry E Rohlsen Airport,Christiansted,VI,United States
SUN,Friedman Memorial Airport,Hailey,ID,United States
SUS,Spirit Of St Louis Airport,St Louis,MO,United States
SUX,Sioux Gateway Airport,Sioux City,IA,United States
SVA,Savoonga Airport,Savoonga,AK,United States
SVC,Grant County Airport,Silver City,NM,United States
SWF,Stewart International Airport,Newburgh,NY,United States
SWO,Stillwater Regional Airport,Stillwater,OK,United States
SYR,Syracuse Hancock International Airport,Syracuse,NY,United States
T44,Trident Basin Seaplane Base,Kodiak,AK,United States
TAL,Ralph M Calhoun Memorial Airport,Tanana,AK,United States
TBN,Waynesville Regional Airport At Forney Field,Fort Leonard Wood,MO,United States
TCL,Tuscaloosa Regional Airport,Tuscaloosa,AL,United States
TEB,Teterboro Airport,Teterboro,NJ,United States
TEX,Telluride Regional Airport,Telluride,CO,United States
TIX,Space Coast Regional Airport,Titusville,FL,United States
TLH,Tallahassee Regional Airport,Tallahassee,FL,United States
TLT,Tuluksak Airport,Tuluksak,AK,United States
TNI,Tinian International Airport,Tinian Island,CQ,United States
TOG,Togiak Airport,Togiak Village,AK,United States
TOL,Toledo Express Airport,Toledo,OH,United States
TPA,Tampa International Airport,Tampa,FL,United States
TPL,Draughon-Miller Central Texas Regional Airport,Temple,TX,United States
TRI,Tri-Cities Regional Airport,Blountville,TN,United States
TTN,Trenton Mercer Airport,Trenton,NJ,United States
TUL,Tulsa International Airport,Tulsa,OK,United States
TUP,Tupelo Regional Airport,Tupelo,MS,United States
TUS,Tucson International Airport,Tucson,AZ,United States
TVC,Cherry Capital Airport,Traverse City,MI,United States
TVF,Thief River Falls Regional Airport,Thief River Falls,MN,United States
TVL,Lake Tahoe Airport,South Lake Tahoe,CA,United States
TVR,Vicksburg Tallulah Regional Airport,"Tallulah/Vicksburg, Mississippi",LA,United States
TWF,Magic Valley Regional Airport,Twin Falls,ID,United States
TXK,Texarkana Regional Airport,Texarkana,AR,United States
TYR,Tyler Pounds Regional Airport,Tyler,TX,United States
TYS,Mcghee Tyson Airport,Knoxville,TN,United States
UCA,Oneida County Airport,Utica,NY,United States
UIN,Quincy Regional Airport - Baldwin Field,Quincy,IL,United States
UNK,Unalakleet Airport,Unalakleet,AK,United States
UNV,University Park Airport,State College,PA,United States
UOX,University-Oxford Airport,Oxford,MS,United States
UUU,Newport State Airport,Newport,RI,United States
VAK,Chevak Airport,Chevak,AK,United States
VCT,Victoria Regional Airport,Victoria,TX,United States
VCV,Southern California Logistics Airport,Victorville,CA,United States
VDZ,Valdez Pioneer Field,Valdez,AK,United States
VGT,North Las Vegas Air Terminal,Las Vegas,NV,United States
VIS,Visalia Municipal Airport,Visalia,CA,United States
VLD,Valdosta Regional Airport,Valdosta,GA,United States
VPS,Fort Walton Beach Airport,Valparaiso,FL,United States
VPZ,Porter County Municipal Airport,Valparaiso,IN,United States
VQQ,Cecil Field Airport,Jacksonville,FL,United States
VQS,Vieques Airport,Isla De Vieques,PR,United States
VRB,Vero Beach Municipal Airport,Vero Beach,FL,United States
WBB,Stebbins Airport,Stebbins,AK,United States
WDG,Woodring Municipal Airport,Enid,OK,United States
WLK,Selawik Airport,Selawik,AK,United States
WNA,Napakiak Airport,Napakiak,AK,United States
WRG,Wrangell Airport,Wrangell,AK,United States
WRL,Worland Municipal Airport,Worland,WY,United States
WST,Westerly State Airport,Westerly,RI,United States
WTK,Noatak Airport,Noatak,AK,United States
WWD,Cape May County Airport,Wildwood,NJ,United States
WYS,West Yellowstone Airport,West Yellowstone,MT,United States
X44,Miami Airport,Miami,FL,United States
X95,Diego Jimenez Torres Airport,Fajardo,PR,United States
XNA,Northwest Arkansas Regional Airport,Fayetteville / Springdale,AR,United States
YAK,Yakutat Airport,Yakutat,AK,United States
YKM,Yakima Air Terminal/Mcallister Field,Yakima,WA,United States
YKN,Chan Gurney Municipal Airport,Yankton,SD,United States
YNG,Youngstown Regional Airport,Youngstown,OH,United States
YUM,Yuma International Airport,Yuma,AZ,United States
Z08,Ofu Airport,Ofu Village,AS,United States
Z09,Kasigluk Airport,Kasigluk,AK,United States
AAL,Aalborg Airport,Aalborg,,Denmark
AAR,Aarhus Airport,Aarhus,,Denmark
ABJ,Felix Houphouet-Boigny Airport,Abidjan,,Ivory Coast
ABV,Nnamdi Azikiwe Airport,Abuja,,Nigeria
ABZ,Dyce Airport,Aberdeen,,United Kingdom
ACA,Juan N Alvarez International Airport,Acapulco,,Mexico
ACC,Kotoka International Airport,Accra,,Ghana
ADD,Bole International Airport,Addis Ababa,,Ethiopia
ADJ,Marka International Airport,Amman,,Jordan
ADL,Adelaide International Airport,Adelaide,,Australia
AGA,Al-Massira Airport,Agadir,,Morocco
AGP,Malaga International Airport,Malaga,,Spain
,,,,
AGU,Jesus Teran International Airport,Aguascalientes,,Mexico
AKJ,Asahikawa Airport,Asahikawa,,Japan
AKL,Auckland International Airport,Auckland,,New Zealand
ALA,Almaty Airport,Almaty,,Kazahkstan
ALC,Alicante,Alicante,,Spain
ALP,Aleppo International Airport,Aleppo,,Syria
AMD,Ahmedabad International Airport,Ahmedabad,,India
AMM,Queen Alia International Airport,Amman,,Jordan
AMS,Schipol Airport,Amsterdam,,Netherlands
ANF,Cerro Moreno International Airport,Antofagasta,,Chile
ANU,VC Bird International Airport,Saint Johns,,Antigua and Barbuda
AOI,Falconara Airport,Ancona,,Italy
AOJ,Aomori Airport,Aomori,,Japan
APW,Faleolo International Airport,Apia,,Western Samoa
ARN,Arlanda International Airport,Stockholm,,Sweden
ASD,Andros Town International Airport,Andros Island,,Bahamas
ATH,Athens International Airport,Athens,,Greece
AUA,Queen Beatrix International Airport,Aruba Island,,Aruba
AUH,Abu Dhabi International Airport,Abu Dhabi,,United Arab Emirates
AXA,Wallblake Airport,Anguilla Island,,Anguilla
AXT,Akita Airport,Akita,,Japan
BAH,Bahrain International Airport,Bahrain,,Bahrain
BAK,Baku Airport,Baku,,Azerbaijan
BAQ,Ernesto Cortissoz Airport,Barranquilla,,Colombia
BCN,Barcelona Airport,Barcelona,,Spain
BDA,Bermuda International Airport,Bermuda Island,,Bermuda
BDS,Brindisi P Casale Airport,Brindisi,,Italy
BEG,Belgrade Airport,Belgrade,,Serbia
BES,Guipavas Airport,Brest,,France
BEY,Beirut International Airport,Beirut,,Lebanon
BFS,Belfast International Airport,Belfast,,United Kingdom
BGI,Grantley Adams International Airport,Bridgetown,,Barbados
BGO,Flesland Airport,Bergen,,Norway
BHD,Belfast City Airport,Belfast,,United Kingdom
BHX,Birmingham International Airport,Birmingham,,United Kingdom
BIM,Bimini Island International Airport,Bimini,,Bahamas
BIO,Bilbao Airport,Bilbao,,Spain
BIQ,Bayonne-Anglet Airport,Biarritz,,France
BJL,Banjul International Airport,Banjul,,Gambia
BJX,De Guanajuato International Airport,Leon,,Mexico
BKK,Don Muang International Airport,Bangkok,,Thailand
BKO,Senou International Airport,Bamako,,Mali
BLL,Billund Airport,Billund,,Denmark
BLQ,Borgo Panigale Airport,Bologna,,Italy
BLR,Hindustan International Airport,Bangalore,,India
BNE,Brisbane International Airport,Brisbane,,Australia
BOD,Merignac Airport,Bordeaux,,France
BOG,Eldorado International Airport,Bogota,,Colombia
BOM,Sahar International Airport,Mumbai,,India
BON,Flamingo Airport,Bonaire Island,,Netherlands Antilles
BQN,Rafael Hernandez Airport,Aguadilla,,Puerto Rico
BRE,Bremen Airport,Bremen,,Germany
BRI,Palese Macchie Airport,Bari,,Italy
BRS,Bristol Airport,Bristol,,United Kingdom
BRU,Brussels International Airport,Brussels,,Belgium
BSB,Kubitschek International Airport,Brasilia,,Brazil
BSL,Basel International Airport,Basel,,Switzerland
BTS,M R Stefanik Airport,Bratislava,,Slovakia
BUD,Ferihegy Airport,Budapest,,Hungary
BZE,Phillip S W Goldson Airport,Belize City,,Belize
BZV,Maya-Maya Airport,Brazzaville,,Congo
CAI,Cairo International Airport,Cairo,,Egypt
CAN,Baiyun Airport,Guangzhou,,China
CBR,Canberra Airport,Canberra,,Australia
CCP,Carriel Sur International Airport,Concepcion,,Chile
CCS,Simon Bolivar International Airport,Caracas,,Venezuela
CDG,Charles De Gaulle International Airport,Paris,,France
CFE,Aulnat Airport,Clermont-Ferrand,,France
CGB,Marechal Rondon International Airport,Cuiaba,,Brazil
CGH,Congonhas International Airport,Sao Paulo,,Brazil
CGK,Soekarno-Hatta International Airport,Jakarta,,Indonesia
CGN,Cologne-Bonn Airport,Cologne-Bonn,,Germany
CGR,Campo Grande International Airport,Campo Grande,,Brazil
CHC,Christchurch International Airport,Christchurch,,New Zealand
CIA,Ciampino Airport,Rome,,Italy
CIW,Canouan Island Airport,Canouan Island,,Saint Vincent
CJS,Gonzalez International Airport,Ciudad Juarez,,Mexico
CKG,Jiangbei Airport,Chongqing,,China
CKY,Gbessia,Conakry,,Guinea
CLO,Aragon International Airport,Cali,,Colombia
CME,Ciudad del Carmen Airport,Ciudad Del Carmen,,Mexico
CMN,Mohammed V International Airport,Casablanca,,Morocco
CNS,Cairns International Airport,Cairns,,Australia
COO,Cadjehoun Airport,Cotonou,,Benin
CPH,Kastrup International Airport,Copenhagen,,Denmark
CPT,Capetown International Airport,Capetown,,South Africa
CRL,Charleroi Airport,Brussels,,Belgium
CTA,Fontanarossa Airport,Catania,,Italy
CTG,Rafael Nunez Airport,Cartagena,,Colombia
CTM,Chetumal International Airport,Chetumal,,Mexico
CTS,New Chitose Airport,Sapporo,,Japan
CTU,Shuangliu Airport,Chengdu,,China
CUL,Culiacan International Airport,Culiacan,,Mexico
CUN,Cancun International Airport,Cancun,,Mexico
CUR,Hato International Airport,Curacao Island,,Netherlands Antilles
CUU,General Fierro Villalobos Airport,Chihuahua,,Mexico
CWB,Afonso Pena International Airport,Curitiba,,Brazil
CWL,Cardiff Airport,Cardiff,,United Kingdom
CZM,Cozumel International Airport,Cozumel,,Mexico
DAC,Zia International Airport,Dhaka,,Bangladesh
DAM,Damascus International Airport,Damascus,,Syria
DAR,Dar-Es-Salaam International Airport,Dar-Es-Salaam,,Tanzania
DEL,Indira Gandhi International Airport,Delhi,,India
DGO,Durango Airport,Durango,,Mexico
DKR,Dakar - Yoff International Airport,Dakar,,Senegal
DLA,Douala Airport,Douala,,Cameroon
DME,Domodedovo Airport,Moscow,,Russia
DMM,King Fahad International Airport,Dammam,,Saudi Arabia
DNA,Okinawa Kadena Airport,Okinawa Island,,Japan
DOH,Doha International Airport,Doha,,Qatar
DOM,Melville Hall Airport,Roseau,,Dominica
DPS,Bali International Airport,Den Pasar,,Indonesia
DRW,Darwin International Airport,Darwin,,Australia
DUB,Dublin International Airport,Dublin,,Ireland
DUD,Dunedin Airport,Dunedin,,New Zealand
DUR,Durban International Airport,Durban,,South Africa
DUS,Duesseldorf International Airport,Duesseldorf,,Germany
DXB,Dubai International Airport,Dubai,,United Arab Emirates
EBB,Entebbe International Airport,Entebbe,,Uganda
EDI,Edinburgh Airport,Edinburgh,,United Kingdom
EIS,Beef Island International Airport,Beef Island,,UK Virgin Islands
ELH,North Eleuthera Airport,Eleuthera Island,,Bahamas
ELS,East London Airport,East London,,South Africa
EZE,Ministro Pistarini International Airport,Buenos Aires,,Argentina
FCO,Fiumicino Airport,Rome,,Italy
FKS,Fukushima Airport,Fukushima,,Japan
FLN,Hercillio Luz International Airport,Florianopolis,,Brazil
FLR,Peretola Airport,Florence,,Italy
FOC,Changle Airport,Fuzhou,,China
FOR,Pinto Martins International Airport,Fortaleza,,Brazil
FPO,Freeport International Airport,Freeport,,Bahamas
FRA,Frankfurt International Airport,Frankfurt,,Germany
FRS,Tikal International Airport,Flores,,Guatemala
FUK,Fukuoka Airport,Fukuoka,,Japan
GCI,Guernsey Airport,Guernsey,,United Kingdom
GCM,Owen Roberts International Airport,Grand Cayman,,Cayman Islands
GDL,Don Miguel Hidalgo International Airport,Guadalajara,,Mexico
GEO,Cheddi Jagan International Airport,Georgetown,,Guyana
GGT,Exuma International Airport,Great Exuma Island,,Bahamas
GIG,Rio de Janeiro International Airport,Rio de Janeiro,,Brazil
GLA,Glasgow International Airport,Glasgow,,United Kingdom
GMP,Gimpo Airport,Seoul,,South Korea
GNB,St Geoirs Airport,Grenoble,,France
GND,Point Salines International Airport,Saint Georges,,Grenada
GOA,Sestri Airport,Genoa,,Italy
GOT,Landvetter Airport,Goteborg,,Sweden
GRJ,George Airport,George,,South Africa
GRU,Guarulhos International Airport,Sao Paulo,,Brazil
GUA,La Aurora International Airport,Guatemala City,,Guatemala
GUB,Guerrero Negro Airport,Guerrero Negro,,Mexico
GUM,Guam International Airport,Guam,,Guam
GVA,Cointrin International Airport,Geneva,,Switzerland
GYE,Simon Bolivar International Airport,Guayaquil,,Ecuador
HAJ,Hannover Airport,Hannover,,Germany
HAM,Hamburg Airport,Hamburg,,Germany
HAN,Noibai International Airport,Hanoi,,Vietnam
HAV,Jose Marti International Airport,Havana,,Cuba
HBA,Hobart Airport,Hobart,,Australia
HBE,Borg El Arab International Airport,Alexandria,,Egypt
HEL,Vantaa International Airport,Helsinki,,Finland
HIJ,Hiroshima Airport,Hiroshima,,Japan
HKD,Hakodate Airport,Hakodate,,Japan
HKG,Hong Kong International Airport,Hong Kong,,China
HMO,Garcia Airport,Hermosillo,,Mexico
HND,Tokyo International Airport,Tokyo,,Japan
HUX,Huatulco International Airport,Bahia De Huatulco,,Mexico
HUY,Humberside Airport,Humberside,,United Kingdom
ICN,Incheon International Airport,Seoul,,South Korea
IEV,Zhulyany International Airport,Kiev,,Ukraine
IGU,Iguassa Falls Airport,Iguassa Falls,,Brazil
INN,Innsbruck Airport,Innsbruck,,Austria
INV,Inverness Airport,Inverness,,United Kingdom
IPC,Easter Island Airport,Mataveri,,Chile
IQQ,Diego Aracena International Airport,Iquique,,Chile
ISB,Islamabad International Airport,Islamabad,,Pakistan
IST,Ataturk International Airport,Istanbul,,Turkey
ITM,Osaka International Airport,Osaka,,Japan
JED,King Abdulaziz International Airport,Jeddah,,Saudi Arabia
JER,Jersey Airport,Jersey,,United Kingdom
JNB,Johannesburg International Airport,Johannesburg,,South Africa
JRO,Kilimanjaro International Airport,Kilimanjaro,,Tanzania
KAN,Mallam Aminu Kano Airport,Kano,,Nigeria
KBP,Borispol Airport,Kiev,,Ukraine
KEF,Keflavik International Airport,Keflavik,,Iceland
KHH,Kaohsiung International Airport,Kaohsiung,,Taiwan
KHI,Quaid-E-Azam International Airport,Karachi,,Pakistan
KIJ,Niigata Airport,Niigata,,Japan
KIN,Norman Manley International Airport,Kingston,,Jamaica
KIX,Kansai International Airport,Osaka,,Japan
KOJ,Kagoshima Airport,Kagoshima,,Japan
KRK,John Paul II Balice International Airport,Krakow,,Poland
KSA,Kosrae Island Airport,Kosrae,,Micronesia
KSC,Kosice Airport,Kosice,,Slovakia
KUL,Kuala Lumpur International Airport,Kuala Lumpur,,Malaysia
KWA,Kwajalein International Airport,Kwajalein Atoll,,Marshall Islands
KWI,Kuwait International Airport,Kuwait City,,Kuwait
LAP,Manuel de Leon Airport,La Paz,,Mexico
LBA,Leeds Bradford Airport,Leeds Bradford,,United Kingdom
LBG,Le Bourget Airport,Paris,,France
LBV,Leon M'ba,Libreville,,Gabon
LCA,Larnaca International Airport,Larnaca,,Cyprus
LCY,London City Airport,London,,United Kingdom
LDB,Londrina Airport,Londrina,,Brazil
LED,Pulkovo International Airport,Saint Petersburg,,Russia
LFW,Tokoin Airport,Lome,,Togo
LGW,London Gatwick Airport,London,,United Kingdom
LHE,Lahore International Airport,Lahore,,Pakistan
LHR,London Heathrow Airport,London,,United Kingdom
LIG,Bellegarde Airport,Limoges,,France
LIM,Jorge Chavez International Airport,Lima,,Peru
LIN,Linate Airport,Milan,,Italy
LIR,Daniel Oduber Quiros International Airport,Liberia,,Costa Rica
LIS,Lisbon International Airport,Lisbon,,Portugal
LMM,Valle Del Fuerte International Airport,Los Mochis,,Mexico
LOS,Lagos International Airport,Lagos,,Nigeria
LOV,Monclova International Airport,Monclova,,Mexico
LPB,El Alto International Airport,La Paz,,Bolivia
LRM,La Romana International Airport,La Romana,,Dominican Republic
LST,Launceston Airport,Launceston,,Australia
LTO,Loreto International Airport,Loreto,,Mexico
LUN,Lusaka International Airport,Lusaka,,Zambia
LUX,Luxembourg Airport,Luxembourg,,Luxembourg
LYS,Satolas Airport,Lyon,,France
MAA,Chennai International Airport,Madras,,India
MAD,Barajas International Airport,Madrid,,Spain
MAJ,Marshall Islands International Airport,Majuro Atoll,,Marshall Islands
MAN,Manchester International Airport,Manchester,,United Kingdom
MAO,Eduardo Gomes International Airport,Manaus,,Brazil
MAR,La Chinita International Airport,Maracaibo,,Venezuela
MAZ,Eugenio Maria De Hostos Airport,Mayaguez,,Puerto Rico
MBJ,Sangster International Airport,Montego Bay,,Jamaica
MCT,Seeb International Airport,Muscat,,Oman
MDE,Jose Maria Cordova International Airport,Medellin,,Colombia
MEL,Melbourne International Airport,Melbourne,,Australia
MEX,Benito Juarez International Airport,Mexico City,,Mexico
MGA,Managua International Airport,Managua,,Nicaragua
MHH,Marsh Harbour Airport,Abaco Island,,Bahamas
MID,Licenciado Manuel International Airport,Merida,,Mexico
MLH,Basle-Mulhouse Airport,Basle-Mulhouse,,France
MLM,Mujica International Airport,Morelia,,Mexico
MME,Durham Tees Valley Airport,Teesside,,United Kingdom
MNL,Ninoy Aquino International Airport,Manila,,Philippines
MPL,Montpellier Airport,Montpellier,,France
MRS,Marseille / Provence Airport,Marseille / Provence,,France
MST,Maastricht-Aachen Airport,Maastricht,,Netherlands
MTT,Minitatlan Airport,Minatitlan,,Mexico
MTY,Monterrey International Airport,Monterrey,,Mexico
MUC,Franz Josef Strauss International Airport,Munich,,Germany
MVD,Carrasco International Airport,Montevideo,,Uruguay
MXL,Toboada International Airport,Mexicali,,Mexico
MXP,Malpensa International Airport,Milan,,Italy
MZT,Mazatlan International Airport,Mazatlan,,Mexico
NAN,Nadi International Airport,Nadi,,Fiji
NAP,Capodichino Airport,Naples,,Italy
NAS,Nassau International Airport,Nassau,,Bahamas
NBO,Jomo Kenyatta Airport,Nairobi,,Kenya
NCE,Cote d'Azur International Airport,Nice,,France
NCL,Newcastle Airport,Newcastle,,United Kingdom
NDJ,N'Djamena Airport,N'Djamena,,Chad
NEV,Newcastle Airport,Nevis Island,,Saint Kitts and Nevis
NGO,Nagoya Airport,Nagoya,,Japan
NGS,Nagasaki Airport,Nagasaki,,Japan
NIM,Diori Hamani Airport,Niamey,,Niger
NKC,Nouakchott Airport,Nouakchott,,Mauritania
NRT,Narita International Airport,Tokyo,,Japan
NSI,Nsimalen Airport,Yaounde,,Cameroon
NTE,Nantes Airport,Nantes,,France
NTR,Del Norte International Airport,Monterrey,,Mexico
NUE,Nuremberg Airport,Nuremberg,,Germany
NVT,Navegantes-Itajai Airport,Navegantes,,Brazil
NWI,Norwich Airport,Norwich,,United Kingdom
OAX,Xoxocotlan International Airport,Oaxaca,,Mexico
OIT,Oita Airport,Oita,,Japan
OKJ,Okayama Airport,Okayama,,Japan
OOL,Gold Coast Airport,Coolangatta,,Australia
OPO,Francisco Sa Carneiro Airport,Oporto,,Portugal
ORY,Orly Airport,Paris,,France
OSL,"Oslo Airport, Gardermoen",Oslo,,Norway
OSR,Mosnov Airport,Ostrava,,Czech Republic
OTP,Otopeni International Airport,Bucharest,,Romania
OUA,Ouagadougou Airport,Ouagadougou,,Burkina Faso
PAP,Port-au-Prince International Airport,Port-au-Prince,,Haiti
PBC,Hermanos Serdan International Airport,Puebla,,Mexico
PEI,Matecana International Airport,Pereira,,Colombia
PEK,Beijing Capital International Airport,Beijing,,China
PEN,Penang International Airport,Penang Island,,Malaysia
PER,Perth International Airport,Perth,,Australia
PFN,Panama City Airport,Panama City,,Panama
PHC,Port Harcourt Airport,Port Harcourt,,Nigeria
PLS,Providenciales International Airport,Providenciales,,Turks and Caicos
PLZ,Port Elizabeth Airport,Port Elizabeth,,South Africa
PMC,El Tepual International Airport,Puerto Montt,,Chile
PMI,Palma De Mallorca Airport,Palma De Mallorca,,Spain
PMO,Punta Raisi Airport,Palermo,,Italy
PNI,Pohnpei International Airport,Pohnpei Island,,Micronesia
POA,Salgado Filho International Airport,Porto Alegre,,Brazil
POP,La Union International Airport,Puerto Plata,,Dominican Republic
POS,Piarco International Airport,Port Of Spain,,Trinidad and Tobago
PPT,Papeete Faaa Airport,Tahiti Island,,French Polynesia
PRG,Ruzyne International Airport,Prague,,Czech Republic
PSA,San Giusto Airport,Pisa,,Italy
PSE,Mercedita Airport,Ponce,,Puerto Rico
PTP,Le Raizet International Airport,Point-A-Pitre,,Guadeloupe
PTY,Tocumen International Airport,Panama City,,Panama
PUJ,Punta Cana International Airport,Punta Cana,,Dominican Republic
PUQ,Punta Arenas International Airport,Punta Arenas,,Chile
PUS,Kimhae International Airport,Pusan,,South Korea
PVG,Pudong Airport,Shanghai,,China
PVR,Lic Gustavo Diaz Ordaz International Air,Puerto Vallarta,,Mexico
PXM,Puerto Escondido Airport,Puerto Escondido,,Mexico
QRO,Ingeniero International Airport,Queretaro,,Mexico
RAK,Menara Airport,Marrakech,,Morocco
RAR,Rarotonga International Airport,Rarotonga Island,,Cook Islands
RBA,Sale Airport,Rabat,,Morocco
REC,Guararapes International Airport,Recife,,Brazil
REG,Reggio Calabria Airport,Reggio Calabria,,Italy
RIX,Riga International Airport,Riga,,Latvia
RNS,St Jacques Airport,Rennes,,France
ROP,Rota Island International Airport,Rota Island,,Northern Marianas
ROR,Babelthuap/Koror Airport,Babelthuap Island,,Micronesia
RTB,Roatan Island Airport,Roatan,,Honduras
RUH,King Khaled International Airport,Riyadh,,Saudi Arabia
SAL,Comalapa International Airport,San Salvador,,El Salvador
SAP,La Mesa International Airport,San Pedro Sula,,Honduras
SCL,Benitez International Airport,Santiago,,Chile
SDJ,Sendai Airport,Sendai,,Japan
SDQ,Las Americas International Airport,Santo Domingo,,Dominican Republic
SGN,Tansonnhat Airport,Ho Chi Minh City,,Vietnam
SHA,Hongqiao International Airport,Shanghai,,China
SHE,Taoxian Airport,Shenyang,,China
SID,Amilcar Cabral International Airport,Sal,,Cape Verde
SIN,Changi International Airport,Singapore,,Singapore
SJD,Los Cabos International Airport,Cabo San Lucas,,Mexico
SJO,Juan Santa Maria International Airport,San Jose,,Costa Rica
SJU,Luiz Munoz Marin International Airport,San Juan,,Puerto Rico
SKB,Robert Bradshaw International Airport,St Kitts Island,,Saint Kitts and Nevis
SLP,Ponciano Arriaga International Airport,San Luis Potosi,,Mexico
SLU,Vigie Airport,Castries,,Saint Lucia
SLW,Plan De Guadalupe International Airport,Saltillo,,Mexico
SNN,Shannon International Airport,Shannon,,Ireland
SOU,Southampton International Airport,Southampton,,United Kingdom
SPC,La Palma Airport,La Palma,,Spain
SPN,Saipan International Airport,Saipan Island,,Northern Marianas
SPU,Kastela Airport,Split,,Croatia
SSA,Salvador International Airport,Salvador,,Brazil
SSG,Malabo Airport,Malabo,,Equatorial Guinea
STI,Cibao International Airport,Santiago City,,Dominican Republic
STN,Stansted Airport,London,,United Kingdom
STR,Echterdingen International Airport,Stuttgart,,Germany
STT,Cyril E King International Airport,Saint Thomas,,US Virgin Islands
STX,Henry E Rohlsen Airport,Saint Croix,,US Virgin Islands
SUB,Juanda Airport,Surabaya,,Indonesia
SUF,Terme Airport,Lamezia,,Italy
SUJ,Satu Mare International Airport,Satu Mare,,Romania
SVG,Sola Airport,Stavanger,,Norway
SVO,Sheremetyevo International Airport,Moscow,,Russia
SXB,Entzheim Airport,Strasbourg,,France
SXF,Schonefeld Airport,Berlin,,Germany
SXM,Princess Juliana International Airport,Saint Maarten,,Netherlands Antilles
SYD,Kingsford Smith International Airport,Sydney,,Australia
SZX,Huangtian Airport,Shenzhen,,China
TAM,Tampico Airport,Tampico,,Mexico
TAP,Tapachula International Airport,Tapachula,,Mexico
TAS,Vostochny International Airport,Tashkent,,Uzbekistan
TBI,New Bight Airport,Cat Island,,Bahamas
TCB,Treasure Cay Airport,Abaco Island,,Bahamas
TFN,Los Rodeos Airport,Tenerife-North,,Spain
TGU,Toncontin International Airport,Tegucigalpa,,Honduras
TGZ,Francisco Sarabia Airport,Tuxtla Gutierrez,,Mexico
THR,Mehrabad International Airport,Tehran,,Iran
TIA,Rinas Airport,Tirana,,Albania
TIJ,Rodriguez International Airport,Tijuana,,Mexico
TKK,Truk Airport,Truk,,Micronesia
TLC,Toluca International Airport,Toluca,,Mexico
TLL,Ulemiste Airport,Talinn,,Estonia
TLS,Blagnac Airport,Toulouse,,France
TLV,Ben Gurion International Airport,Tel Aviv,,Israel
TNG,Ibn Batouta Airport,Tangier,,Morocco
TOJ,Torrejon Airport,Madrid,,Spain
TOY,Toyama Airport,Toyama,,Japan
TPE,Chiang Kai-Shek International Airport,Taipei,,Taiwan
TRC,Torreon International Airport,Torreon,,Mexico
TRD,Trondheim Airport,Trondheim,,Norway
TRF,Sandefjord Airport,Torp,,Norway
TRN,Caselle Airport,Torino,,Italy
TRS,Ronchi Dei Legionari Airport,Trieste,,Italy
TSR,Timisoara Airport,Timisoara,,Romania
TUN,Carthage Airport,Tunis,,Tunisia
TXL,Tegel Airport,Berlin,,Germany
UIO,Mariscal Sucre International Airport,Quito,,Ecuador
UVF,Hewanorra International Airport,Saint Lucia,,Saint Lucia
VCE,Tessera Airport,Venice,,Italy
VER,Veracruz International Airport,Veracruz,,Mexico
VIE,Vienna International Airport,Vienna,,Austria
VQS,Antonio Rivera Rodriguez Airport,Vieques,,Puerto Rico
VSA,Carlos Rovirosa International Airport,Villahermosa,,Mexico
VTE,Wattay International Airport,Vientiane,,Laos
VVI,Viru Viru International Airport,Santa Cruz,,Bolivia
WAW,Okecie International Airport,Warsaw,,Poland
WDH,Hosea Kutako International Airport,Windhoek,,Namibia
WLG,Wellington International Airport,Wellington,,New Zealand
XIY,Xianyang Airport,Xi'an,,China
YAP,Yap International Airport,Yap Island,,Micronesia
YEG,Edmonton International Airport,Edmonton,,Canada
YFC,Greater Fredericton Airport,Fredericton,,Canada
YHZ,Halifax International Airport,Halifax,,Canada
YLW,City of Kelowna Airport,Kelowna,,Canada
YMX,Mirabel International Airport,Montreal,,Canada
YOW,Ottawa International Airport,Ottawa,,Canada
YQB,Jean Lesage International Airport,Quebec City,,Canada
YQM,Moncton International Airport,Moncton,,Canada
YQR,Regina International Airport,Regina,,Canada
YQT,Thunder Bay International Airport,Thunder Bay,,Canada
YQY,Sydney Airport,Sydney,,Canada
YUL,Montreal Dorval Airport,Montreal,,Canada
YVR,Vancouver International Airport,Vancouver,,Canada
YWG,Winnipeg International Airport,Winnipeg,,Canada
YXE,Saskatoon International Airport,Saskatoon,,Canada
YXU,London Airport,London,,Canada
YYC,Calgary International Airport,Calgary,,Canada
YYJ,Victoria International Airport,Victoria,,Canada
YYT,St John's International Airport,Saint John's,,Canada
YYZ,Lester B Pearson International Airport,Toronto,,Canada
ZAG,Pleso Airport,Zagreb,,Croatia
ZCL,Ruiz International Airport,Zacatecas,,Mexico
ZIH,Ixtapa-Zihuatanejo International Airport,Zihuatanejo,,Mexico
ZLO,Playa De Oro International Airport,Manzanillo,,Mexico
ZQN,Queenstown Airport,Queenstown,,New Zealand
ZRH,Zurich International Airport,Zurich,,Switzerland
